PLAYER,DATE,AGE,TEAM,HOME/AWAY,OPPONENT,RESULT,GS,MP,FG,FGA,FG%,3P,3PA,3P%,FT,FTA,FT%,ORB,DRB,TRB,AST,STL,BLK,TOV,PF,PTS,GAME_SCORE,+/-
Ryan Anderson,2017-10-17,29-164,HOU,AWAY,GSW,W (+1),1,33:17,5,12,.417,3,8,.375,0,0,,3,5,8,1,1,1,0,3,13,11.4,+8
Ryan Anderson,2017-10-18,29-165,HOU,AWAY,SAC,W (+5),1,25:41,2,7,.286,2,7,.286,4,4,1.000,1,4,5,0,0,0,0,1,10,7.4,+5
Ryan Anderson,2017-10-21,29-168,HOU,HOME,DAL,W (+16),1,23:04,1,4,.250,1,4,.250,0,0,,1,9,10,1,0,0,0,0,3,4.7,+19
Ryan Anderson,2017-10-23,29-170,HOU,HOME,MEM,L (-8),1,31:10,2,7,.286,1,4,.250,0,0,,3,3,6,2,0,0,0,4,5,3.7,+12
Ryan Anderson,2017-10-25,29-172,HOU,AWAY,PHI,W (+1),1,35:03,5,11,.455,4,9,.444,0,0,,0,1,1,0,1,1,1,0,14,9.3,-1
Ryan Anderson,2017-10-27,29-174,HOU,AWAY,CHO,W (+16),1,34:41,7,16,.438,6,15,.400,1,1,1.000,2,4,6,1,1,1,0,2,21,16.8,+1
Ryan Anderson,2017-10-28,29-175,HOU,AWAY,MEM,L (-14),1,37:16,7,12,.583,7,11,.636,1,2,.500,0,7,7,0,0,2,2,3,22,16.3,-4
Ryan Anderson,2017-10-30,29-177,HOU,HOME,PHI,L (-8),1,34:39,4,11,.364,2,9,.222,1,2,.500,1,2,3,0,0,0,1,2,11,4.0,-14
Ryan Anderson,2017-11-01,29-179,HOU,AWAY,NYK,W (+22),1,30:40,7,13,.538,2,8,.250,5,5,1.000,0,3,3,0,0,0,0,3,21,14.4,+16
Ryan Anderson,2017-11-03,29-181,HOU,AWAY,ATL,W (+15),1,25:25,4,9,.444,3,8,.375,0,0,,0,8,8,0,0,0,0,1,11,8.3,+14
Ryan Anderson,2017-11-05,29-183,HOU,HOME,UTA,W (+27),1,32:03,2,4,.500,2,4,.500,0,0,,0,5,5,1,0,1,0,3,6,5.7,+2
Ryan Anderson,2017-11-09,29-187,HOU,HOME,CLE,W (+4),1,33:54,2,7,.286,1,5,.200,0,0,,3,1,4,3,1,0,2,2,5,3.6,+3
Ryan Anderson,2017-11-11,29-189,HOU,HOME,MEM,W (+15),1,27:02,5,9,.556,2,6,.333,0,0,,1,5,6,1,2,0,1,5,12,9.6,+17
Ryan Anderson,2017-11-12,29-190,HOU,AWAY,IND,W (+23),1,32:40,2,7,.286,1,4,.250,0,0,,4,5,9,0,0,0,0,0,5,5.2,+14
Ryan Anderson,2017-11-14,29-192,HOU,HOME,TOR,L (-16),1,31:15,3,8,.375,2,6,.333,1,2,.500,4,4,8,0,0,1,1,1,9,7.5,-24
Ryan Anderson,2017-11-16,29-194,HOU,AWAY,PHO,W (+26),1,29:08,7,12,.583,6,10,.600,4,4,1.000,1,3,4,0,0,1,1,1,24,19.3,+22
Ryan Anderson,2017-11-18,29-196,HOU,AWAY,MEM,W (+22),1,26:38,4,7,.571,3,5,.600,2,2,1.000,1,3,4,1,0,0,3,4,13,7.4,+18
Ryan Anderson,2017-11-27,29-205,HOU,HOME,BRK,W (+14),1,26:05,5,9,.556,3,7,.429,0,1,.000,0,2,2,1,0,0,1,1,13,8.2,+8
Ryan Anderson,2017-11-29,29-207,HOU,HOME,IND,W (+21),1,30:49,6,11,.545,5,9,.556,2,2,1.000,2,7,9,2,0,0,3,1,19,15.2,+13
Ryan Anderson,2017-12-03,29-211,HOU,AWAY,LAL,W (+23),1,11:56,1,5,.200,1,4,.250,0,0,,0,1,1,0,0,0,1,1,3,-1.2,+1
Ryan Anderson,2017-12-07,29-215,HOU,AWAY,UTA,W (+11),1,35:09,9,11,.818,5,6,.833,0,0,,3,3,6,2,1,0,1,4,23,21.7,+12
Ryan Anderson,2017-12-09,29-217,HOU,AWAY,POR,W (+7),1,17:08,1,4,.250,0,2,.000,0,0,,0,1,1,1,0,0,2,2,2,-2.2,-7
Ryan Anderson,2017-12-11,29-219,HOU,HOME,NOP,W (+7),1,17:38,2,6,.333,1,4,.250,0,0,,1,2,3,0,0,0,1,1,5,1.5,-13
Ryan Anderson,2017-12-13,29-221,HOU,HOME,CHO,W (+12),1,33:14,2,9,.222,1,5,.200,0,0,,1,4,5,2,1,0,1,1,5,2.4,-1
Ryan Anderson,2017-12-15,29-223,HOU,HOME,SAS,W (+15),1,29:45,5,8,.625,2,3,.667,0,2,.000,6,4,10,1,2,0,1,1,12,14.3,+14
Ryan Anderson,2017-12-16,29-224,HOU,HOME,MIL,W (+4),1,23:18,0,4,.000,0,4,.000,0,0,,0,4,4,1,1,2,0,1,0,1.1,+8
Ryan Anderson,2017-12-18,29-226,HOU,HOME,UTA,W (+21),1,18:43,0,2,.000,0,1,.000,0,0,,1,1,2,4,1,0,2,0,0,1.4,-8
Ryan Anderson,2017-12-20,29-228,HOU,HOME,LAL,L (-6),1,25:27,1,7,.143,0,3,.000,0,0,,4,2,6,0,0,1,0,5,2,-0.4,-22
Ryan Anderson,2017-12-22,29-230,HOU,HOME,LAC,L (-10),1,34:51,3,7,.429,2,4,.500,6,6,1.000,2,8,10,2,0,1,1,3,14,14.0,-17
Ryan Anderson,2017-12-25,29-233,HOU,AWAY,OKC,L (-5),1,30:00,3,7,.429,2,5,.400,3,3,1.000,2,3,5,2,0,0,2,4,11,7.4,0
Ryan Anderson,2017-12-28,29-236,HOU,AWAY,BOS,L (-1),1,40:05,3,7,.429,2,6,.333,1,2,.500,1,7,8,1,1,1,2,4,9,6.5,+6
Ryan Anderson,2017-12-29,29-237,HOU,AWAY,WAS,L (-18),1,31:36,3,11,.273,1,8,.125,2,2,1.000,3,9,12,0,0,0,0,0,9,7.3,-8
Ryan Anderson,2017-12-31,29-239,HOU,HOME,LAL,W (+6),1,20:54,2,6,.333,2,6,.333,1,2,.500,2,2,4,0,1,0,1,3,7,4.0,-18
Ryan Anderson,2018-01-03,29-242,HOU,AWAY,ORL,W (+18),1,29:46,6,12,.500,1,4,.250,4,4,1.000,3,4,7,0,1,0,0,2,17,14.5,+20
Ryan Anderson,2018-01-04,29-243,HOU,HOME,GSW,L (-10),1,24:48,2,5,.400,1,4,.250,1,2,.500,1,5,6,2,0,0,0,1,6,6.1,-12
Ryan Anderson,2018-01-06,29-245,HOU,AWAY,DET,L (-7),1,23:09,2,9,.222,1,6,.167,0,0,,1,2,3,2,0,0,0,1,5,1.8,-24
Ryan Anderson,2018-01-08,29-247,HOU,AWAY,CHI,W (+9),1,26:24,2,6,.333,1,4,.250,1,2,.500,1,1,2,1,1,0,1,0,6,3.9,+1
Ryan Anderson,2018-01-10,29-249,HOU,HOME,POR,W (+9),1,34:55,3,8,.375,1,4,.250,1,2,.500,3,4,7,2,0,1,0,3,8,7.4,+8
Ryan Anderson,2018-01-12,29-251,HOU,AWAY,PHO,W (+17),1,39:32,6,12,.500,4,7,.571,2,2,1.000,3,4,7,1,2,0,0,1,18,17.6,+6
Ryan Anderson,2018-01-15,29-254,HOU,AWAY,LAC,L (-11),1,25:15,4,9,.444,2,6,.333,2,2,1.000,2,0,2,4,0,0,0,2,12,10.7,-8
Ryan Anderson,2018-01-18,29-257,HOU,HOME,MIN,W (+18),1,29:04,2,5,.400,0,3,.000,2,2,1.000,1,6,7,1,1,1,1,1,6,6.8,+20
Ryan Anderson,2018-01-20,29-259,HOU,HOME,GSW,W (+8),1,30:19,2,3,.667,0,1,.000,1,2,.500,4,9,13,1,1,0,1,3,5,8.3,-2
Ryan Anderson,2018-01-22,29-261,HOU,HOME,MIA,W (+9),1,29:06,3,7,.429,3,6,.500,0,0,,0,2,2,2,0,0,1,3,9,5.1,-1
Ryan Anderson,2018-01-24,29-263,HOU,AWAY,DAL,W (+7),1,25:00,2,6,.333,2,5,.400,1,2,.500,1,4,5,0,1,0,1,1,7,4.7,+20
Ryan Anderson,2018-01-26,29-265,HOU,AWAY,NOP,L (-2),1,13:49,0,3,.000,0,2,.000,0,0,,0,3,3,0,0,0,1,1,0,-2.6,-20
Ryan Anderson,2018-01-28,29-267,HOU,HOME,PHO,W (+11),1,25:43,3,8,.375,2,6,.333,5,6,.833,0,2,2,0,0,0,0,1,13,8.4,-1
Ryan Anderson,2018-01-30,29-269,HOU,HOME,ORL,W (+7),1,32:55,3,5,.600,2,3,.667,2,2,1.000,0,3,3,1,0,0,2,1,10,6.9,+8
Ryan Anderson,2018-02-01,29-271,HOU,AWAY,SAS,W (+11),1,28:35,4,6,.667,3,5,.600,2,2,1.000,1,2,3,2,0,0,0,3,13,11.9,+17
Ryan Anderson,2018-02-03,29-273,HOU,AWAY,CLE,W (+32),1,33:18,7,13,.538,5,9,.556,2,3,.667,2,6,8,1,1,0,0,2,21,18.4,+39
Ryan Anderson,2018-02-06,29-276,HOU,AWAY,BRK,W (+10),1,8:32,0,1,.000,0,0,,0,0,,1,0,1,0,0,0,0,1,0,-0.4,0
Trevor Ariza,2017-10-17,32-109,HOU,AWAY,GSW,W (+1),1,37:39,3,9,.333,2,5,.400,0,0,,1,5,6,5,2,0,1,2,8,8.8,-8
Trevor Ariza,2017-10-18,32-110,HOU,AWAY,SAC,W (+5),1,32:26,0,6,.000,0,5,.000,2,2,1.000,0,2,2,2,0,0,0,1,2,-0.6,-6
Trevor Ariza,2017-10-21,32-113,HOU,HOME,DAL,W (+16),1,30:40,3,7,.429,1,5,.200,1,1,1.000,0,4,4,1,4,1,1,0,8,9.9,+34
Trevor Ariza,2017-10-23,32-115,HOU,HOME,MEM,L (-8),1,39:51,0,5,.000,0,4,.000,2,2,1.000,0,5,5,4,1,0,0,3,2,2.6,-17
Trevor Ariza,2017-10-28,32-120,HOU,AWAY,MEM,L (-14),1,35:50,2,6,.333,2,4,.500,4,4,1.000,0,7,7,5,0,0,3,4,10,7.6,-20
Trevor Ariza,2017-10-30,32-122,HOU,HOME,PHI,L (-8),1,36:57,3,12,.250,1,9,.111,0,0,,1,2,3,3,2,0,1,5,7,2.2,0
Trevor Ariza,2017-11-01,32-124,HOU,AWAY,NYK,W (+22),1,35:14,5,9,.556,4,8,.500,2,2,1.000,2,6,8,2,0,0,1,1,16,14.9,+17
Trevor Ariza,2017-11-03,32-126,HOU,AWAY,ATL,W (+15),1,32:18,5,11,.455,2,8,.250,0,0,,2,5,7,4,1,1,1,2,12,11.9,+22
Trevor Ariza,2017-11-05,32-128,HOU,HOME,UTA,W (+27),1,33:39,5,10,.500,4,8,.500,0,0,,1,0,1,2,2,0,0,1,14,12.7,+30
Trevor Ariza,2017-11-09,32-132,HOU,HOME,CLE,W (+4),1,42:40,5,13,.385,3,11,.273,4,5,.800,0,4,4,2,2,0,0,4,17,12.5,+3
Trevor Ariza,2017-11-11,32-134,HOU,HOME,MEM,W (+15),1,34:20,4,10,.400,1,6,.167,0,1,.000,1,6,7,2,2,0,1,0,9,8.1,+18
Trevor Ariza,2017-11-12,32-135,HOU,AWAY,IND,W (+23),1,34:45,5,12,.417,5,12,.417,0,0,,0,5,5,1,2,0,2,1,15,10.4,+21
Trevor Ariza,2017-11-14,32-137,HOU,HOME,TOR,L (-16),1,37:48,6,11,.545,5,8,.625,3,3,1.000,0,8,8,2,1,0,1,4,20,16.9,0
Trevor Ariza,2017-11-16,32-139,HOU,AWAY,PHO,W (+26),1,35:19,4,8,.500,3,5,.600,0,0,,1,5,6,2,1,0,2,0,11,9.6,+22
Trevor Ariza,2017-11-18,32-141,HOU,AWAY,MEM,W (+22),1,29:05,3,7,.429,1,4,.250,1,1,1.000,1,1,2,2,2,0,0,2,8,7.9,+18
Trevor Ariza,2017-11-22,32-145,HOU,HOME,DEN,W (+30),1,34:40,9,12,.750,7,10,.700,0,0,,0,2,2,0,2,1,1,4,25,20.9,+34
Trevor Ariza,2017-11-25,32-148,HOU,HOME,NYK,W (+15),1,30:52,6,14,.429,4,11,.364,0,0,,1,1,2,1,1,0,0,0,16,11.3,-6
Trevor Ariza,2017-11-27,32-150,HOU,HOME,BRK,W (+14),1,28:53,4,9,.444,3,7,.429,0,0,,0,6,6,0,0,0,1,2,11,6.3,+4
Trevor Ariza,2017-11-29,32-152,HOU,HOME,IND,W (+21),1,26:01,5,7,.714,4,5,.800,0,0,,1,1,2,1,3,0,3,1,14,12.4,+12
Trevor Ariza,2017-12-03,32-156,HOU,AWAY,LAL,W (+23),1,30:28,2,4,.500,0,1,.000,0,0,,0,6,6,0,3,0,1,2,4,5.0,+9
Trevor Ariza,2017-12-07,32-160,HOU,AWAY,UTA,W (+11),1,35:14,4,6,.667,2,4,.500,0,0,,0,4,4,1,2,1,1,1,10,10.6,+4
Trevor Ariza,2017-12-09,32-162,HOU,AWAY,POR,W (+7),1,33:52,4,7,.571,3,4,.750,2,2,1.000,1,1,2,0,4,0,0,2,13,13.9,+19
Trevor Ariza,2017-12-11,32-164,HOU,HOME,NOP,W (+7),1,38:26,3,9,.333,3,9,.333,4,4,1.000,0,2,2,2,1,1,0,2,13,10.8,+13
Trevor Ariza,2017-12-13,32-166,HOU,HOME,CHO,W (+12),1,34:26,5,11,.455,3,7,.429,0,0,,0,6,6,0,1,0,0,0,13,10.1,0
Trevor Ariza,2017-12-15,32-168,HOU,HOME,SAS,W (+15),1,42:10,4,14,.286,3,11,.273,0,0,,0,4,4,2,2,0,0,2,11,6.6,+9
Trevor Ariza,2017-12-16,32-169,HOU,HOME,MIL,W (+4),1,41:45,4,11,.364,2,6,.333,3,4,.750,1,6,7,0,1,0,1,4,13,7.4,+3
Trevor Ariza,2017-12-18,32-171,HOU,HOME,UTA,W (+21),1,41:11,5,9,.556,3,5,.600,2,2,1.000,2,4,6,0,1,0,1,1,15,12.9,+25
Trevor Ariza,2017-12-20,32-173,HOU,HOME,LAL,L (-6),1,44:51,6,14,.429,4,11,.364,2,2,1.000,0,11,11,3,4,1,2,2,18,17.9,+3
Trevor Ariza,2017-12-22,32-175,HOU,HOME,LAC,L (-10),1,42:44,4,9,.444,2,7,.286,2,3,.667,0,4,4,2,1,0,2,3,12,7.3,-3
Trevor Ariza,2017-12-25,32-178,HOU,AWAY,OKC,L (-5),1,43:04,7,16,.438,4,12,.333,2,2,1.000,1,3,4,1,0,0,0,2,20,13.1,-2
Trevor Ariza,2017-12-28,32-181,HOU,AWAY,BOS,L (-1),1,38:47,3,5,.600,3,4,.750,2,3,.667,1,5,6,0,1,0,0,2,11,10.7,+2
Trevor Ariza,2017-12-29,32-182,HOU,AWAY,WAS,L (-18),1,31:53,3,11,.273,1,9,.111,0,0,,0,5,5,2,1,0,0,2,7,3.6,-12
Trevor Ariza,2017-12-31,32-184,HOU,HOME,LAL,W (+6),1,44:41,9,15,.600,6,10,.600,2,2,1.000,1,3,4,3,2,0,0,2,26,24.0,+3
Trevor Ariza,2018-01-03,32-187,HOU,AWAY,ORL,W (+18),1,32:52,4,7,.571,3,5,.600,1,2,.500,0,3,3,2,1,0,1,2,12,9.8,+22
Trevor Ariza,2018-01-04,32-188,HOU,HOME,GSW,L (-10),1,35:25,1,8,.125,1,8,.125,0,0,,0,3,3,0,2,0,1,2,3,-1.1,-9
Trevor Ariza,2018-01-06,32-190,HOU,AWAY,DET,L (-7),1,34:55,5,15,.333,2,9,.222,3,3,1.000,0,4,4,1,0,0,0,2,15,7.6,-5
Trevor Ariza,2018-01-08,32-192,HOU,AWAY,CHI,W (+9),1,41:19,6,16,.375,6,13,.462,0,0,,0,9,9,4,1,2,1,0,18,16.1,+5
Trevor Ariza,2018-01-10,32-194,HOU,HOME,POR,W (+9),1,39:19,0,6,.000,0,3,.000,0,0,,0,6,6,4,2,0,2,1,0,0.0,-1
Trevor Ariza,2018-01-12,32-196,HOU,AWAY,PHO,W (+17),1,38:13,6,12,.500,4,8,.500,2,2,1.000,4,3,7,1,2,0,2,3,18,15.2,+8
Trevor Ariza,2018-01-15,32-199,HOU,AWAY,LAC,L (-11),1,33:58,5,11,.455,4,8,.500,3,3,1.000,0,5,5,0,3,0,3,3,17,11.6,-13
Trevor Ariza,2018-01-22,32-206,HOU,HOME,MIA,W (+9),1,28:26,1,2,.500,1,2,.500,0,0,,1,4,5,0,2,0,1,1,3,4.5,-9
Trevor Ariza,2018-01-24,32-208,HOU,AWAY,DAL,W (+7),1,31:53,8,17,.471,5,14,.357,2,3,.667,0,3,3,1,1,0,0,3,23,15.3,+12
Trevor Ariza,2018-01-26,32-210,HOU,AWAY,NOP,L (-2),1,28:54,3,9,.333,3,8,.375,0,0,,0,2,2,1,1,0,1,2,9,4.4,-10
Trevor Ariza,2018-01-28,32-212,HOU,HOME,PHO,W (+11),1,0:36,0,0,,0,0,,2,2,1.000,0,0,0,0,0,0,0,1,2,1.6,-1
Trevor Ariza,2018-02-23,32-238,HOU,HOME,MIN,W (+18),1,26:06,4,8,.500,3,6,.500,0,0,,1,4,5,1,1,1,0,3,11,10.1,+7
Trevor Ariza,2018-02-25,32-240,HOU,AWAY,DEN,W (+5),1,32:43,5,7,.714,3,4,.750,1,2,.500,0,6,6,0,1,0,0,0,14,13.5,-1
Trevor Ariza,2018-02-26,32-241,HOU,AWAY,UTA,W (+11),1,32:50,3,13,.231,3,9,.333,0,0,,1,2,3,0,0,0,0,3,9,1.2,0
Trevor Ariza,2018-02-28,32-243,HOU,AWAY,LAC,W (+13),1,32:53,4,8,.500,3,6,.500,0,0,,1,2,3,2,2,0,0,2,11,10.9,+11
Trevor Ariza,2018-03-03,32-246,HOU,HOME,BOS,W (+3),1,33:39,8,18,.444,4,13,.308,1,1,1.000,2,1,3,2,3,0,0,2,21,16.9,+13
Trevor Ariza,2018-03-06,32-249,HOU,AWAY,OKC,W (+10),1,32:58,4,8,.500,3,5,.600,4,4,1.000,0,3,3,2,3,1,2,4,15,13.4,-6
Trevor Ariza,2018-03-07,32-250,HOU,AWAY,MIL,W (+11),1,35:38,4,9,.444,0,4,.000,1,1,1.000,0,3,3,1,3,0,3,3,9,4.7,+11
Trevor Ariza,2018-03-09,32-252,HOU,AWAY,TOR,L (-3),1,36:18,5,10,.500,0,3,.000,3,5,.600,0,5,5,1,2,0,1,1,13,10.0,+3
Trevor Ariza,2018-03-11,32-254,HOU,AWAY,DAL,W (+23),1,34:30,1,10,.100,1,9,.111,0,0,,0,2,2,2,0,1,2,4,3,-4.5,+22
Trevor Ariza,2018-03-12,32-255,HOU,HOME,SAS,W (+16),1,30:52,5,9,.556,3,7,.429,2,2,1.000,0,5,5,1,0,0,1,2,15,11.1,+17
Trevor Ariza,2018-03-15,32-258,HOU,HOME,LAC,W (+5),1,33:19,2,10,.200,1,4,.250,0,0,,1,7,8,4,0,0,1,0,5,3.4,-2
Trevor Ariza,2018-03-17,32-260,HOU,AWAY,NOP,W (+6),1,31:49,6,9,.667,4,6,.667,1,1,1.000,1,3,4,2,0,0,0,4,17,14.5,+16
Trevor Ariza,2018-03-18,32-261,HOU,AWAY,MIN,W (+9),1,33:26,4,11,.364,3,8,.375,0,0,,1,0,1,2,3,1,0,2,11,9.9,-4
Trevor Ariza,2018-03-20,32-263,HOU,AWAY,POR,W (+4),1,27:38,2,7,.286,1,3,.333,1,2,.500,1,2,3,2,0,0,0,1,6,3.8,-1
Trevor Ariza,2018-03-22,32-265,HOU,HOME,DET,W (+4),1,38:06,3,11,.273,3,8,.375,0,0,,0,5,5,2,1,0,0,4,9,4.8,-2
Trevor Ariza,2018-03-24,32-267,HOU,HOME,NOP,W (+23),1,30:35,3,8,.375,2,5,.400,0,0,,0,5,5,2,1,0,0,3,8,6.3,-1
Trevor Ariza,2018-03-25,32-268,HOU,HOME,ATL,W (+19),1,30:56,4,14,.286,4,11,.364,2,2,1.000,0,4,4,0,0,0,1,2,14,5.2,+9
Trevor Ariza,2018-03-27,32-270,HOU,HOME,CHI,W (+32),1,26:13,6,12,.500,4,10,.400,5,5,1.000,0,6,6,2,4,1,0,0,21,22.9,+36
Trevor Ariza,2018-03-30,32-273,HOU,HOME,PHO,W (+1),1,33:00,4,12,.333,1,6,.167,0,0,,0,4,4,4,2,0,0,0,9,8.2,+2
Trevor Ariza,2018-04-01,32-275,HOU,AWAY,SAS,L (-17),1,27:24,2,7,.286,1,4,.250,2,4,.500,0,3,3,0,1,0,0,1,7,3.6,-6
Trevor Ariza,2018-04-05,32-279,HOU,HOME,POR,W (+2),1,27:04,4,8,.500,2,5,.400,0,0,,0,1,1,1,1,0,1,3,10,5.8,-2
Trevor Ariza,2018-04-07,32-281,HOU,HOME,OKC,L (-6),1,32:09,3,8,.375,1,5,.200,0,0,,0,4,4,0,1,0,0,3,7,3.6,+5
Trevor Ariza,2018-04-10,32-284,HOU,AWAY,LAL,W (+6),1,30:47,3,12,.250,0,8,.000,0,0,,0,3,3,1,2,0,1,1,6,1.0,-6
Tarik Black,2018-02-26,26-096,HOU,AWAY,UTA,W (+11),1,18:26,4,8,.500,0,0,,0,1,.000,4,0,4,0,2,1,1,3,8,6.9,-7
Tarik Black,2018-04-11,26-140,HOU,AWAY,SAC,L (-13),1,38:06,4,8,.500,1,2,.500,3,6,.500,2,9,11,1,0,2,0,5,12,11.0,-8
Isaiah Canaan,2018-01-29,26-253,PHO,AWAY,MEM,L (-11),1,16:33,1,5,.200,0,2,.000,2,2,1.000,0,3,3,3,0,0,2,0,4,1.9,-4
Eric Gordon,2017-10-18,28-297,HOU,AWAY,SAC,W (+5),1,34:49,7,23,.304,4,13,.308,7,8,.875,1,3,4,3,0,0,3,2,25,11.2,+14
Eric Gordon,2017-10-21,28-300,HOU,HOME,DAL,W (+16),1,24:21,5,11,.455,1,6,.167,7,8,.875,0,1,1,2,0,0,1,2,18,11.8,+11
Eric Gordon,2017-10-23,28-302,HOU,HOME,MEM,L (-8),1,33:18,8,20,.400,5,15,.333,6,7,.857,0,4,4,7,0,0,2,5,27,17.9,+11
Eric Gordon,2017-10-25,28-304,HOU,AWAY,PHI,W (+1),1,39:54,7,20,.350,5,16,.313,10,12,.833,0,4,4,5,0,0,1,0,29,20.7,-4
Eric Gordon,2017-10-27,28-306,HOU,AWAY,CHO,W (+16),1,38:50,9,22,.409,6,16,.375,2,3,.667,0,2,2,2,0,0,5,3,26,9.6,+14
Eric Gordon,2017-10-30,28-309,HOU,HOME,PHI,L (-8),1,36:51,8,18,.444,5,14,.357,4,4,1.000,0,0,0,2,1,0,4,2,25,13.2,+4
Eric Gordon,2017-11-01,28-311,HOU,AWAY,NYK,W (+22),1,28:40,6,13,.462,4,8,.500,1,1,1.000,0,2,2,4,0,0,1,0,17,12.7,+23
Eric Gordon,2017-11-03,28-313,HOU,AWAY,ATL,W (+15),1,29:34,6,13,.462,3,7,.429,5,5,1.000,0,2,2,5,4,1,4,0,20,18.1,+8
Eric Gordon,2017-11-05,28-315,HOU,HOME,UTA,W (+27),1,34:19,7,15,.467,6,11,.545,0,0,,0,6,6,2,0,0,3,4,20,10.9,+14
Eric Gordon,2017-11-09,28-319,HOU,HOME,CLE,W (+4),1,39:47,7,16,.438,4,11,.364,2,2,1.000,1,1,2,0,2,0,5,3,20,8.4,-5
Eric Gordon,2017-11-11,28-321,HOU,HOME,MEM,W (+15),1,32:58,7,16,.438,6,11,.545,6,7,.857,1,1,2,2,0,0,2,1,26,17.2,+8
Eric Gordon,2017-11-12,28-322,HOU,AWAY,IND,W (+23),1,30:43,6,16,.375,3,11,.273,6,8,.750,0,1,1,4,2,1,3,3,21,13.0,+21
Eric Gordon,2017-11-14,28-324,HOU,HOME,TOR,L (-16),1,33:01,3,12,.250,0,7,.000,6,7,.857,0,1,1,3,1,0,3,4,12,3.2,-9
Eric Gordon,2017-12-22,28-362,HOU,HOME,LAC,L (-10),1,39:59,9,20,.450,6,12,.500,4,6,.667,1,3,4,2,0,0,2,2,28,17.0,-16
Eric Gordon,2017-12-25,29-000,HOU,AWAY,OKC,L (-5),1,37:08,6,13,.462,3,7,.429,5,5,1.000,1,2,3,1,1,0,6,2,20,9.5,+1
Eric Gordon,2017-12-28,29-003,HOU,AWAY,BOS,L (-1),1,40:09,9,23,.391,4,14,.286,2,3,.667,0,3,3,3,1,0,1,1,24,13.7,+1
Eric Gordon,2018-01-03,29-009,HOU,AWAY,ORL,W (+18),1,30:23,5,16,.313,3,10,.300,4,5,.800,0,5,5,6,2,0,4,2,17,10.3,+9
Eric Gordon,2018-01-04,29-010,HOU,HOME,GSW,L (-10),1,37:58,12,24,.500,2,9,.222,4,6,.667,0,3,3,7,3,1,1,1,30,25.3,-9
Eric Gordon,2018-01-06,29-012,HOU,AWAY,DET,L (-7),1,34:13,6,13,.462,3,7,.429,0,0,,0,3,3,7,0,0,2,2,15,11.3,-6
Eric Gordon,2018-01-08,29-014,HOU,AWAY,CHI,W (+9),1,37:44,8,18,.444,4,12,.333,4,5,.800,2,4,6,9,1,0,4,1,24,19.7,+11
Eric Gordon,2018-01-10,29-016,HOU,HOME,POR,W (+9),1,33:22,11,23,.478,5,12,.417,3,4,.750,3,2,5,3,0,1,1,4,30,20.8,+5
Eric Gordon,2018-01-12,29-018,HOU,AWAY,PHO,W (+17),1,29:02,5,19,.263,2,12,.167,2,2,1.000,0,1,1,4,2,0,2,2,14,5.0,+15
Eric Gordon,2018-01-15,29-021,HOU,AWAY,LAC,L (-11),1,34:10,7,21,.333,3,9,.333,2,2,1.000,1,3,4,3,0,0,3,3,19,6.6,-15
Eric Gordon,2018-01-30,29-036,HOU,HOME,ORL,W (+7),1,10:15,0,2,.000,0,1,.000,0,0,,0,0,0,0,0,0,0,0,0,-1.4,+5
Eric Gordon,2018-03-11,29-076,HOU,AWAY,DAL,W (+23),1,30:53,9,16,.563,6,11,.545,2,2,1.000,0,4,4,2,1,0,2,4,26,18.4,+27
Eric Gordon,2018-03-22,29-087,HOU,HOME,DET,W (+4),1,41:52,8,19,.421,3,9,.333,3,4,.750,0,3,3,5,2,0,4,1,22,13.5,+14
Eric Gordon,2018-03-24,29-089,HOU,HOME,NOP,W (+23),1,28:21,7,13,.538,4,9,.444,1,1,1.000,0,4,4,4,2,0,4,0,19,14.7,+18
Eric Gordon,2018-03-25,29-090,HOU,HOME,ATL,W (+19),1,32:19,8,13,.615,4,9,.444,2,2,1.000,0,2,2,4,1,1,2,0,22,19.2,+19
Eric Gordon,2018-03-27,29-092,HOU,HOME,CHI,W (+32),1,26:23,11,17,.647,8,13,.615,1,2,.500,0,1,1,1,0,1,0,1,31,24.4,+39
Eric Gordon,2018-04-01,29-097,HOU,AWAY,SAS,L (-17),1,28:50,7,15,.467,2,4,.500,2,3,.667,0,3,3,1,0,0,1,5,18,8.5,-6
Gerald Green,2018-03-30,32-063,HOU,HOME,PHO,W (+1),1,28:17,5,14,.357,4,11,.364,1,1,1.000,0,0,0,0,0,0,0,4,15,5.6,-3
Gerald Green,2018-04-11,32-075,HOU,AWAY,SAC,L (-13),1,26:26,11,22,.500,7,17,.412,2,2,1.000,0,2,2,0,0,0,3,1,31,17.2,-5
James Harden,2017-10-17,28-052,HOU,AWAY,GSW,W (+1),1,36:24,10,23,.435,4,9,.444,3,4,.750,1,5,6,11,1,0,3,2,27,21.6,+1
James Harden,2017-10-18,28-053,HOU,AWAY,SAC,W (+5),1,37:46,8,21,.381,4,14,.286,7,8,.875,2,1,3,9,2,0,2,1,27,22.7,+1
James Harden,2017-10-21,28-056,HOU,HOME,DAL,W (+16),1,30:45,10,19,.526,6,13,.462,3,4,.750,0,3,3,7,2,0,5,5,29,20.1,+31
James Harden,2017-10-23,28-058,HOU,HOME,MEM,L (-8),1,35:08,8,20,.400,2,8,.250,4,8,.500,1,4,5,8,1,0,7,4,22,9.5,-14
James Harden,2017-10-25,28-060,HOU,AWAY,PHI,W (+1),1,41:26,10,20,.500,2,8,.250,5,5,1.000,0,3,3,13,1,3,8,1,27,21.7,+9
James Harden,2017-10-27,28-062,HOU,AWAY,CHO,W (+16),1,36:56,8,18,.444,4,10,.400,7,8,.875,0,10,10,11,1,0,5,4,27,22.3,-1
James Harden,2017-10-28,28-063,HOU,AWAY,MEM,L (-14),1,33:37,6,19,.316,2,9,.222,6,7,.857,1,3,4,8,2,0,3,3,20,13.7,-13
James Harden,2017-10-30,28-065,HOU,HOME,PHI,L (-8),1,38:27,8,21,.381,3,7,.429,10,12,.833,1,3,4,7,4,1,7,2,29,20.1,-12
James Harden,2017-11-01,28-067,HOU,AWAY,NYK,W (+22),1,34:47,9,23,.391,6,17,.353,7,9,.778,1,4,5,9,0,0,7,5,31,16.9,+21
James Harden,2017-11-03,28-069,HOU,AWAY,ATL,W (+15),1,30:56,8,15,.533,6,11,.545,7,10,.700,1,2,3,11,1,0,2,0,29,28.5,+19
James Harden,2017-11-05,28-071,HOU,HOME,UTA,W (+27),1,35:15,19,25,.760,7,8,.875,11,12,.917,0,2,2,13,2,0,7,3,56,49.2,+25
James Harden,2017-11-09,28-075,HOU,HOME,CLE,W (+4),1,42:41,8,21,.381,6,14,.429,13,14,.929,1,10,11,13,5,1,5,4,35,35.0,+3
James Harden,2017-11-11,28-077,HOU,HOME,MEM,W (+15),1,37:35,11,25,.440,6,14,.429,10,14,.714,0,4,4,8,0,1,3,3,38,26.6,+23
James Harden,2017-11-12,28-078,HOU,AWAY,IND,W (+23),1,33:34,9,21,.429,3,12,.250,5,5,1.000,0,5,5,15,2,0,3,1,26,25.5,+25
James Harden,2017-11-14,28-080,HOU,HOME,TOR,L (-16),1,39:22,8,25,.320,3,11,.273,19,19,1.000,1,5,6,11,0,1,9,5,38,23.3,-2
James Harden,2017-11-16,28-082,HOU,AWAY,PHO,W (+26),1,34:37,12,22,.545,6,11,.545,18,18,1.000,0,2,2,7,2,1,5,3,48,39.4,+15
James Harden,2017-11-18,28-084,HOU,AWAY,MEM,W (+22),1,35:47,9,20,.450,6,12,.500,5,5,1.000,0,5,5,7,3,0,3,3,29,23.8,+5
James Harden,2017-11-22,28-088,HOU,HOME,DEN,W (+30),1,31:38,6,16,.375,1,7,.143,8,9,.889,1,7,8,9,0,0,7,1,21,13.5,+29
James Harden,2017-11-25,28-091,HOU,HOME,NYK,W (+15),1,36:52,12,27,.444,5,13,.385,8,10,.800,0,2,2,10,3,0,1,1,37,31.3,+2
James Harden,2017-11-27,28-093,HOU,HOME,BRK,W (+14),1,35:47,13,20,.650,8,13,.615,3,4,.750,0,10,10,8,2,2,4,2,37,35.0,+22
James Harden,2017-11-29,28-095,HOU,HOME,IND,W (+21),1,35:19,8,22,.364,4,12,.333,9,9,1.000,2,6,8,10,1,0,1,2,29,26.2,+26
James Harden,2017-12-03,28-099,HOU,AWAY,LAL,W (+23),1,35:18,13,22,.591,4,9,.444,6,7,.857,1,3,4,9,2,0,4,3,36,30.1,+11
James Harden,2017-12-07,28-103,HOU,AWAY,UTA,W (+11),1,35:09,8,19,.421,4,12,.333,9,9,1.000,0,6,6,3,1,0,3,2,29,20.0,+12
James Harden,2017-12-09,28-105,HOU,AWAY,POR,W (+7),1,37:19,16,29,.552,4,7,.571,12,14,.857,1,7,8,3,3,0,2,2,48,38.4,+9
James Harden,2017-12-11,28-107,HOU,HOME,NOP,W (+7),1,34:57,8,16,.500,4,10,.400,6,9,.667,0,1,1,17,6,0,3,3,26,30.8,-2
James Harden,2017-12-13,28-109,HOU,HOME,CHO,W (+12),1,31:15,8,22,.364,3,10,.300,2,2,1.000,0,4,4,8,1,1,3,3,21,13.1,-6
James Harden,2017-12-15,28-111,HOU,HOME,SAS,W (+15),1,33:01,6,18,.333,2,11,.182,14,16,.875,0,7,7,6,2,1,5,2,28,20.2,+12
James Harden,2017-12-16,28-112,HOU,HOME,MIL,W (+4),1,39:12,8,21,.381,4,10,.400,11,14,.786,0,6,6,5,0,1,3,4,31,19.7,+1
James Harden,2017-12-18,28-114,HOU,HOME,UTA,W (+21),1,37:55,6,17,.353,4,12,.333,10,10,1.000,0,6,6,6,2,1,5,2,26,19.4,+13
James Harden,2017-12-20,28-116,HOU,HOME,LAL,L (-6),1,43:18,15,27,.556,4,6,.667,17,21,.810,0,3,3,9,1,1,6,5,51,37.4,+4
James Harden,2017-12-22,28-118,HOU,HOME,LAC,L (-10),1,41:24,15,28,.536,6,14,.429,15,16,.938,0,4,4,8,3,0,8,6,51,36.4,-11
James Harden,2017-12-25,28-121,HOU,AWAY,OKC,L (-5),1,38:34,7,18,.389,3,11,.273,12,14,.857,1,7,8,14,2,1,1,0,29,32.7,-7
James Harden,2017-12-28,28-124,HOU,AWAY,BOS,L (-1),1,39:03,7,27,.259,5,15,.333,15,15,1.000,0,6,6,10,2,0,8,4,34,19.1,0
James Harden,2017-12-29,28-125,HOU,AWAY,WAS,L (-18),1,29:25,7,14,.500,1,4,.250,5,6,.833,1,0,1,4,1,1,5,1,20,12.4,0
James Harden,2017-12-31,28-127,HOU,HOME,LAL,W (+6),1,40:47,10,20,.500,3,8,.375,17,21,.810,0,2,2,11,2,2,1,2,40,38.3,+4
James Harden,2018-01-18,28-145,HOU,HOME,MIN,W (+18),1,25:51,3,15,.200,1,5,.200,3,3,1.000,1,1,2,7,2,2,2,1,10,7.6,-11
James Harden,2018-01-20,28-147,HOU,HOME,GSW,W (+8),1,34:35,8,16,.500,5,9,.556,1,2,.500,0,2,2,8,2,2,6,1,22,16.8,-6
James Harden,2018-01-22,28-149,HOU,HOME,MIA,W (+9),1,34:49,10,26,.385,5,13,.385,3,4,.750,0,2,2,5,2,2,6,2,28,14.1,+6
James Harden,2018-01-24,28-151,HOU,AWAY,DAL,W (+7),1,32:32,9,16,.563,6,10,.600,1,2,.500,1,4,5,13,1,1,1,1,25,28.3,+30
James Harden,2018-01-26,28-153,HOU,AWAY,NOP,L (-2),1,33:56,5,16,.313,1,9,.111,12,14,.857,0,5,5,11,2,1,4,4,23,19.3,-12
James Harden,2018-01-28,28-155,HOU,HOME,PHO,W (+11),1,37:57,8,21,.381,3,11,.273,8,12,.667,3,7,10,8,2,1,6,1,27,20.0,+16
James Harden,2018-01-30,28-157,HOU,HOME,ORL,W (+7),1,46:26,19,30,.633,5,14,.357,17,18,.944,2,8,10,11,4,1,5,2,60,56.6,+7
James Harden,2018-02-01,28-159,HOU,AWAY,SAS,W (+11),1,36:48,10,20,.500,5,12,.417,3,3,1.000,0,2,2,11,1,2,3,1,28,25.3,+18
James Harden,2018-02-03,28-161,HOU,AWAY,CLE,W (+32),1,31:08,5,16,.313,1,11,.091,5,5,1.000,0,6,6,9,2,0,4,2,16,12.1,+11
James Harden,2018-02-06,28-164,HOU,AWAY,BRK,W (+10),1,34:23,11,23,.478,4,10,.400,10,10,1.000,0,4,4,5,0,1,2,4,36,26.1,-7
James Harden,2018-02-07,28-165,HOU,AWAY,MIA,W (+8),1,36:22,13,25,.520,5,12,.417,10,12,.833,0,4,4,6,3,1,4,2,41,32.2,+9
James Harden,2018-02-09,28-167,HOU,HOME,DEN,W (+26),1,27:23,7,16,.438,5,11,.455,9,11,.818,1,6,7,11,0,0,5,2,28,23.2,+23
James Harden,2018-02-11,28-169,HOU,HOME,DAL,W (+7),1,34:09,6,19,.316,4,13,.308,11,12,.917,0,6,6,5,2,1,3,1,27,20.3,+5
James Harden,2018-02-13,28-171,HOU,AWAY,MIN,W (+18),1,35:49,10,20,.500,6,10,.600,8,9,.889,0,6,6,13,0,1,1,2,34,33.4,+11
James Harden,2018-02-14,28-172,HOU,HOME,SAC,W (+9),1,35:01,7,19,.368,5,15,.333,9,11,.818,0,9,9,9,2,1,6,2,28,21.6,+14
James Harden,2018-02-23,28-181,HOU,HOME,MIN,W (+18),1,34:28,8,25,.320,3,10,.300,12,12,1.000,0,2,2,9,2,0,4,2,31,20.8,+12
James Harden,2018-02-25,28-183,HOU,AWAY,DEN,W (+5),1,37:15,11,20,.550,6,10,.600,13,16,.813,1,7,8,7,1,0,5,2,41,33.1,+12
James Harden,2018-02-26,28-184,HOU,AWAY,UTA,W (+11),1,34:58,8,13,.615,1,5,.200,9,12,.750,1,10,11,5,4,0,6,1,26,23.7,+15
James Harden,2018-02-28,28-186,HOU,AWAY,LAC,W (+13),1,33:13,7,14,.500,3,10,.300,8,9,.889,0,3,3,7,2,1,4,4,25,20.5,+17
James Harden,2018-03-03,28-189,HOU,HOME,BOS,W (+3),1,37:48,6,18,.333,3,12,.250,11,13,.846,2,5,7,10,5,1,4,2,26,25.8,+20
James Harden,2018-03-06,28-192,HOU,AWAY,OKC,W (+10),1,36:06,8,13,.615,1,3,.333,6,7,.857,0,5,5,11,4,1,10,4,23,19.0,+3
James Harden,2018-03-07,28-193,HOU,AWAY,MIL,W (+11),1,34:46,8,20,.400,3,10,.300,7,7,1.000,0,5,5,6,4,1,5,2,26,19.8,+5
James Harden,2018-03-09,28-195,HOU,AWAY,TOR,L (-3),1,33:29,15,22,.682,4,8,.500,6,7,.857,0,2,2,4,0,1,4,1,40,29.9,+1
James Harden,2018-03-12,28-198,HOU,HOME,SAS,W (+16),1,28:56,6,17,.353,2,11,.182,14,14,1.000,2,4,6,6,0,0,3,3,28,21.1,+17
James Harden,2018-03-15,28-201,HOU,HOME,LAC,W (+5),1,34:25,7,16,.438,2,8,.250,8,9,.889,2,3,5,7,1,1,3,3,24,19.9,+1
James Harden,2018-03-17,28-203,HOU,AWAY,NOP,W (+6),1,37:41,11,28,.393,4,13,.308,6,8,.750,4,7,11,8,2,0,2,2,32,25.7,+18
James Harden,2018-03-18,28-204,HOU,AWAY,MIN,W (+9),1,36:45,9,18,.500,2,9,.222,14,14,1.000,0,4,4,12,2,1,4,2,34,32.5,+10
James Harden,2018-03-20,28-206,HOU,AWAY,POR,W (+4),1,32:47,13,25,.520,5,7,.714,11,15,.733,0,6,6,7,0,0,4,3,42,29.6,-5
James Harden,2018-03-22,28-208,HOU,HOME,DET,W (+4),1,40:23,4,20,.200,0,8,.000,13,18,.722,0,8,8,5,2,2,3,2,21,12.1,-8
James Harden,2018-03-24,28-210,HOU,HOME,NOP,W (+23),1,29:31,11,24,.458,3,11,.273,2,2,1.000,0,6,6,8,1,1,9,0,27,14.7,+14
James Harden,2018-03-25,28-211,HOU,HOME,ATL,W (+19),1,30:03,6,15,.400,1,7,.143,5,5,1.000,0,10,10,15,2,0,2,2,18,22.6,+14
James Harden,2018-03-30,28-216,HOU,HOME,PHO,W (+1),1,38:17,8,21,.381,1,8,.125,11,17,.647,0,8,8,10,2,1,4,1,28,21.8,-2
James Harden,2018-04-01,28-218,HOU,AWAY,SAS,L (-17),1,35:57,8,19,.421,1,6,.167,8,8,1.000,1,2,3,8,0,0,5,5,25,14.8,-19
James Harden,2018-04-03,28-220,HOU,HOME,WAS,W (+16),1,33:59,12,18,.667,5,8,.625,9,10,.900,1,9,10,9,1,1,3,1,38,37.8,+17
James Harden,2018-04-05,28-222,HOU,HOME,POR,W (+2),1,34:21,7,13,.538,3,6,.500,7,10,.700,1,5,6,7,1,0,8,0,24,16.6,+7
James Harden,2018-04-07,28-224,HOU,HOME,OKC,L (-6),1,36:25,7,16,.438,3,8,.375,9,12,.750,0,4,4,9,1,1,5,5,26,18.6,+2
James Harden,2018-04-10,28-227,HOU,AWAY,LAL,W (+6),1,30:51,6,15,.400,3,7,.429,6,6,1.000,1,3,4,10,1,1,6,0,21,17.2,0
R.J. Hunter,2018-04-11,24-169,HOU,AWAY,SAC,L (-13),1,29:54,7,16,.438,3,11,.273,2,2,1.000,0,4,4,1,2,0,2,5,19,10.5,0
Joe Johnson,2017-12-16,36-170,UTA,AWAY,CLE,L (-9),1,29:30,4,12,.333,0,2,.000,0,0,,1,0,1,3,0,0,0,1,8,3.6,-1
Joe Johnson,2017-12-18,36-172,UTA,AWAY,HOU,L (-21),1,28:37,5,12,.417,0,5,.000,2,2,1.000,0,3,3,2,0,0,0,1,12,7.5,-32
Joe Johnson,2017-12-20,36-174,UTA,AWAY,OKC,L (-28),1,18:10,1,5,.200,0,2,.000,0,0,,0,3,3,1,0,0,2,1,2,-1.9,-24
Joe Johnson,2018-04-11,36-286,HOU,AWAY,SAC,L (-13),1,28:41,2,10,.200,0,2,.000,0,0,,0,3,3,5,0,0,2,4,4,-1.4,-17
Luc Mbah a Moute,2017-10-25,31-046,HOU,AWAY,PHI,W (+1),1,36:00,4,8,.500,0,3,.000,0,0,,0,3,3,0,1,3,2,0,8,6.0,-6
Luc Mbah a Moute,2017-10-27,31-048,HOU,AWAY,CHO,W (+16),1,40:46,5,8,.625,2,4,.500,0,0,,1,7,8,2,2,3,2,2,12,13.9,+24
Luc Mbah a Moute,2017-10-28,31-049,HOU,AWAY,MEM,L (-14),1,33:42,0,4,.000,0,2,.000,0,0,,0,2,2,3,0,0,1,3,0,-2.3,0
Luc Mbah a Moute,2018-01-18,31-131,HOU,HOME,MIN,W (+18),1,32:16,5,9,.556,4,6,.667,0,0,,1,4,5,2,1,0,0,2,14,13.2,-5
Luc Mbah a Moute,2018-01-20,31-133,HOU,HOME,GSW,W (+8),1,32:41,4,6,.667,2,4,.500,4,4,1.000,0,4,4,1,1,0,3,2,14,10.5,+13
Luc Mbah a Moute,2018-01-30,31-143,HOU,HOME,ORL,W (+7),1,39:16,2,6,.333,1,5,.200,3,6,.500,0,2,2,1,0,0,0,2,8,3.9,+3
Luc Mbah a Moute,2018-02-01,31-145,HOU,AWAY,SAS,W (+11),1,35:15,4,10,.400,1,5,.200,0,0,,1,3,4,2,2,0,1,3,9,6.4,-2
Luc Mbah a Moute,2018-02-03,31-147,HOU,AWAY,CLE,W (+32),1,29:54,4,9,.444,1,3,.333,2,2,1.000,0,3,3,2,1,0,0,0,11,9.6,+17
Luc Mbah a Moute,2018-02-06,31-150,HOU,AWAY,BRK,W (+10),1,37:25,3,5,.600,2,4,.500,0,2,.000,0,7,7,2,1,1,2,1,8,7.7,+4
Luc Mbah a Moute,2018-02-07,31-151,HOU,AWAY,MIA,W (+8),1,36:37,2,6,.333,1,4,.250,4,4,1.000,0,1,1,0,3,1,0,1,9,9.2,+9
Luc Mbah a Moute,2018-02-09,31-153,HOU,HOME,DEN,W (+26),1,24:04,5,5,1.000,2,2,1.000,2,3,.667,0,2,2,1,1,0,0,1,14,14.0,+21
Luc Mbah a Moute,2018-02-11,31-155,HOU,HOME,DAL,W (+7),1,29:52,2,3,.667,0,1,.000,0,0,,0,3,3,0,0,0,1,3,4,1.4,+7
Luc Mbah a Moute,2018-02-13,31-157,HOU,AWAY,MIN,W (+18),1,29:01,3,6,.500,1,3,.333,0,0,,0,4,4,2,0,1,2,4,7,3.7,+15
Luc Mbah a Moute,2018-02-14,31-158,HOU,HOME,SAC,W (+9),1,25:04,4,9,.444,1,5,.200,2,2,1.000,0,3,3,1,0,1,0,3,11,7.4,+14
Luc Mbah a Moute,2018-04-03,31-206,HOU,HOME,WAS,W (+16),1,28:21,4,6,.667,1,3,.333,0,0,,0,1,1,1,6,0,1,1,9,12.0,+19
Chris Paul,2017-10-17,32-164,HOU,AWAY,GSW,W (+1),1,33:04,2,9,.222,0,4,.000,0,0,,1,7,8,10,2,1,1,4,4,8.4,-13
Chris Paul,2017-11-16,32-194,HOU,AWAY,PHO,W (+26),1,20:45,3,7,.429,2,4,.500,3,3,1.000,0,4,4,10,2,0,1,4,11,14.9,+12
Chris Paul,2017-11-18,32-196,HOU,AWAY,MEM,W (+22),1,24:12,6,11,.545,4,7,.571,1,1,1.000,0,2,2,6,2,1,3,3,17,15.0,+10
Chris Paul,2017-11-22,32-200,HOU,HOME,DEN,W (+30),1,27:31,8,11,.727,4,7,.571,3,4,.750,0,2,2,12,3,0,1,1,23,28.7,+26
Chris Paul,2017-11-25,32-203,HOU,HOME,NYK,W (+15),1,30:53,2,12,.167,0,4,.000,2,2,1.000,0,2,2,13,2,0,1,1,6,8.7,+13
Chris Paul,2017-11-27,32-205,HOU,HOME,BRK,W (+14),1,30:59,1,7,.143,1,4,.250,1,1,1.000,3,3,6,14,2,0,0,1,4,13.9,+12
Chris Paul,2017-11-29,32-207,HOU,HOME,IND,W (+21),1,29:33,5,8,.625,2,3,.667,1,2,.500,1,5,6,7,0,0,2,0,13,14.1,+14
Chris Paul,2017-12-03,32-211,HOU,AWAY,LAL,W (+23),1,32:57,8,17,.471,4,7,.571,1,1,1.000,0,4,4,6,2,0,5,5,21,12.7,+8
Chris Paul,2017-12-07,32-215,HOU,AWAY,UTA,W (+11),1,36:43,7,14,.500,2,5,.400,2,2,1.000,1,8,9,13,3,1,2,3,18,23.7,+12
Chris Paul,2017-12-09,32-217,HOU,AWAY,POR,W (+7),1,34:58,8,14,.571,1,4,.250,9,10,.900,0,3,3,7,2,0,3,2,26,23.0,+14
Chris Paul,2017-12-11,32-219,HOU,HOME,NOP,W (+7),1,32:30,8,16,.500,3,9,.333,1,2,.500,0,9,9,6,3,1,2,2,20,19.4,+4
Chris Paul,2017-12-13,32-221,HOU,HOME,CHO,W (+12),1,35:07,10,18,.556,5,9,.556,6,6,1.000,2,5,7,11,2,0,3,3,31,30.8,+19
Chris Paul,2017-12-15,32-223,HOU,HOME,SAS,W (+15),1,32:10,10,18,.556,5,9,.556,3,3,1.000,0,4,4,8,7,1,3,3,28,29.7,+29
Chris Paul,2017-12-16,32-224,HOU,HOME,MIL,W (+4),1,36:03,7,13,.538,3,8,.375,8,8,1.000,0,5,5,6,1,0,6,3,25,18.2,+7
Chris Paul,2017-12-18,32-226,HOU,HOME,UTA,W (+21),1,34:34,6,13,.462,3,9,.333,3,4,.750,2,8,10,10,1,2,2,3,18,20.9,+20
Chris Paul,2017-12-20,32-228,HOU,HOME,LAL,L (-6),1,25:07,2,7,.286,1,5,.200,3,3,1.000,0,5,5,5,0,0,3,3,8,4.7,-16
Chris Paul,2017-12-29,32-237,HOU,AWAY,WAS,L (-18),1,25:32,3,11,.273,2,5,.400,0,0,,0,1,1,6,2,0,1,2,8,6.2,-16
Chris Paul,2017-12-31,32-239,HOU,HOME,LAL,W (+6),1,42:23,8,20,.400,3,10,.300,9,9,1.000,0,5,5,10,0,0,2,5,28,21.7,+4
Chris Paul,2018-01-03,32-242,HOU,AWAY,ORL,W (+18),1,31:32,3,13,.231,1,4,.250,1,1,1.000,2,5,7,13,2,0,3,2,8,10.3,+23
Chris Paul,2018-01-04,32-243,HOU,HOME,GSW,L (-10),1,36:06,10,21,.476,5,10,.500,3,3,1.000,1,6,7,9,0,0,5,5,28,19.1,0
Chris Paul,2018-01-06,32-245,HOU,AWAY,DET,L (-7),1,35:06,5,10,.500,3,8,.375,3,3,1.000,1,6,7,13,2,0,5,2,16,18.8,0
Chris Paul,2018-01-08,32-247,HOU,AWAY,CHI,W (+9),1,35:46,8,17,.471,3,11,.273,5,5,1.000,1,7,8,9,2,1,6,3,24,19.9,0
Chris Paul,2018-01-10,32-249,HOU,HOME,POR,W (+9),1,32:41,13,29,.448,3,11,.273,8,8,1.000,1,6,7,11,3,0,2,4,37,31.5,+4
Chris Paul,2018-01-12,32-251,HOU,AWAY,PHO,W (+17),1,27:04,9,18,.500,2,6,.333,5,7,.714,2,6,8,6,0,2,0,0,25,24.0,+8
Chris Paul,2018-01-15,32-254,HOU,AWAY,LAC,L (-11),1,34:33,8,17,.471,3,10,.300,0,0,,0,6,6,7,0,1,1,2,19,15.9,-10
Chris Paul,2018-01-18,32-257,HOU,HOME,MIN,W (+18),1,35:26,6,12,.500,4,8,.500,3,4,.750,0,6,6,9,3,0,2,1,19,21.3,+23
Chris Paul,2018-01-20,32-259,HOU,HOME,GSW,W (+8),1,35:16,10,20,.500,6,11,.545,7,8,.875,1,10,11,7,3,0,4,1,33,29.8,+6
Chris Paul,2018-01-22,32-261,HOU,HOME,MIA,W (+9),1,35:30,6,13,.462,3,5,.600,1,1,1.000,1,5,6,6,3,0,3,1,16,15.3,+12
Chris Paul,2018-01-24,32-263,HOU,AWAY,DAL,W (+7),1,30:19,3,12,.250,3,8,.375,3,4,.750,0,7,7,4,2,0,2,3,12,8.1,+7
Chris Paul,2018-01-26,32-265,HOU,AWAY,NOP,L (-2),1,33:55,11,19,.579,4,5,.800,12,12,1.000,0,3,3,8,1,0,0,6,38,34.2,+1
Chris Paul,2018-01-28,32-267,HOU,HOME,PHO,W (+11),1,27:22,4,8,.500,0,1,.000,9,9,1.000,0,2,2,5,0,0,0,2,17,16.3,+5
Chris Paul,2018-02-01,32-271,HOU,AWAY,SAS,W (+11),1,30:23,5,14,.357,0,3,.000,0,1,.000,0,2,2,2,2,0,3,3,10,1.6,-6
Chris Paul,2018-02-03,32-273,HOU,AWAY,CLE,W (+32),1,27:25,8,14,.571,6,9,.667,0,0,,1,7,8,11,1,0,0,4,22,25.3,+47
Chris Paul,2018-02-06,32-276,HOU,AWAY,BRK,W (+10),1,33:47,9,15,.600,4,8,.500,3,3,1.000,1,6,7,5,2,0,3,2,25,22.3,+13
Chris Paul,2018-02-07,32-277,HOU,AWAY,MIA,W (+8),1,36:26,10,19,.526,3,8,.375,1,2,.500,0,7,7,7,1,0,1,1,24,20.9,-1
Chris Paul,2018-02-09,32-279,HOU,HOME,DEN,W (+26),1,22:01,3,8,.375,0,4,.000,5,5,1.000,0,0,0,7,2,0,0,3,11,12.3,+25
Chris Paul,2018-02-11,32-281,HOU,HOME,DAL,W (+7),1,35:12,9,15,.600,2,7,.286,5,6,.833,0,8,8,9,3,0,2,1,25,27.0,+22
Chris Paul,2018-02-13,32-283,HOU,AWAY,MIN,W (+18),1,33:34,5,11,.455,1,5,.200,2,3,.667,2,6,8,7,1,1,2,1,13,14.3,+22
Chris Paul,2018-02-14,32-284,HOU,HOME,SAC,W (+9),1,30:41,6,11,.545,3,7,.429,4,4,1.000,1,3,4,7,2,0,4,1,19,17.8,-6
Chris Paul,2018-02-23,32-293,HOU,HOME,MIN,W (+18),1,32:31,5,11,.455,0,5,.000,4,4,1.000,1,9,10,8,1,0,3,1,14,14.9,+9
Chris Paul,2018-02-25,32-295,HOU,AWAY,DEN,W (+5),1,32:11,6,14,.429,2,7,.286,9,10,.900,2,3,5,6,2,0,3,1,23,20.3,-4
Chris Paul,2018-02-26,32-296,HOU,AWAY,UTA,W (+11),1,33:59,5,13,.385,1,4,.250,4,4,1.000,1,5,6,7,3,0,2,2,15,15.2,+15
Chris Paul,2018-02-28,32-298,HOU,AWAY,LAC,W (+13),1,28:58,3,12,.250,1,5,.200,1,1,1.000,0,4,4,8,2,1,4,3,8,5.1,+21
Chris Paul,2018-03-03,32-301,HOU,HOME,BOS,W (+3),1,35:22,5,11,.455,1,4,.250,4,4,1.000,0,1,1,7,1,0,1,5,15,12.5,-7
Chris Paul,2018-03-06,32-304,HOU,AWAY,OKC,W (+10),1,32:48,7,14,.500,5,6,.833,6,6,1.000,0,4,4,5,3,0,2,2,25,22.9,+11
Chris Paul,2018-03-07,32-305,HOU,AWAY,MIL,W (+11),1,33:41,5,12,.417,1,6,.167,5,5,1.000,0,5,5,11,0,0,2,2,16,16.0,+11
Chris Paul,2018-03-09,32-307,HOU,AWAY,TOR,L (-3),1,33:17,5,13,.385,0,3,.000,4,4,1.000,0,3,3,3,3,0,2,4,14,9.3,-6
Chris Paul,2018-03-11,32-309,HOU,AWAY,DAL,W (+23),1,30:13,9,18,.500,4,7,.571,2,2,1.000,0,5,5,12,0,0,2,4,24,21.3,+31
Chris Paul,2018-03-12,32-310,HOU,HOME,SAS,W (+16),1,22:49,8,11,.727,2,4,.500,0,0,,1,2,3,9,1,0,1,1,18,20.7,+19
Chris Paul,2018-03-15,32-313,HOU,HOME,LAC,W (+5),1,31:45,3,13,.231,0,6,.000,5,6,.833,1,3,4,3,0,0,3,2,11,2.6,-10
Chris Paul,2018-03-17,32-315,HOU,AWAY,NOP,W (+6),1,33:15,8,19,.421,3,6,.500,2,2,1.000,1,8,9,5,2,1,2,2,21,17.4,+7
Chris Paul,2018-03-18,32-316,HOU,AWAY,MIN,W (+9),1,34:36,4,8,.500,1,3,.333,9,10,.900,1,7,8,9,1,0,3,2,18,19.9,+3
Chris Paul,2018-03-20,32-318,HOU,AWAY,POR,W (+4),1,31:49,6,16,.375,5,10,.500,5,6,.833,3,5,8,6,0,0,0,2,22,19.8,+8
Chris Paul,2018-03-27,32-325,HOU,HOME,CHI,W (+32),1,27:44,4,12,.333,3,9,.333,2,2,1.000,0,4,4,10,4,0,3,1,13,15.0,+20
Chris Paul,2018-04-03,32-332,HOU,HOME,WAS,W (+16),1,32:39,3,11,.273,2,9,.222,0,0,,0,2,2,6,0,0,1,2,8,4.5,+11
Chris Paul,2018-04-05,32-334,HOU,HOME,POR,W (+2),1,31:07,11,19,.579,3,8,.375,2,2,1.000,0,4,4,5,0,0,2,2,27,20.0,+1
Chris Paul,2018-04-07,32-336,HOU,HOME,OKC,L (-6),1,35:29,6,15,.400,2,8,.250,3,3,1.000,1,3,4,9,1,0,3,4,17,13.2,+3
Chris Paul,2018-04-10,32-339,HOU,AWAY,LAL,W (+6),1,27:14,9,14,.643,4,7,.571,0,0,,0,3,3,6,1,0,0,3,22,20.7,+2
P.J. Tucker,2017-11-22,32-201,HOU,HOME,DEN,W (+30),1,35:28,2,4,.500,1,3,.333,2,2,1.000,0,11,11,0,0,0,0,2,7,7.5,+39
P.J. Tucker,2017-11-25,32-204,HOU,HOME,NYK,W (+15),1,28:02,1,3,.333,0,2,.000,0,0,,1,5,6,1,3,0,1,1,2,4.8,-2
P.J. Tucker,2017-12-16,32-225,HOU,HOME,MIL,W (+4),1,37:53,2,5,.400,1,2,.500,5,5,1.000,2,8,10,1,2,0,0,3,10,12.6,+10
P.J. Tucker,2017-12-29,32-238,HOU,AWAY,WAS,L (-18),1,15:27,1,5,.200,0,3,.000,0,0,,0,2,2,1,0,0,1,3,2,-2.0,-10
P.J. Tucker,2018-02-07,32-278,HOU,AWAY,MIA,W (+8),1,41:00,1,2,.500,1,1,1.000,0,0,,1,4,5,1,0,0,2,3,3,1.4,+16
P.J. Tucker,2018-02-09,32-280,HOU,HOME,DEN,W (+26),1,29:31,2,8,.250,2,5,.400,0,0,,1,2,3,2,0,0,0,2,6,3.1,+8
P.J. Tucker,2018-02-11,32-282,HOU,HOME,DAL,W (+7),1,25:33,1,3,.333,1,3,.333,0,0,,0,1,1,0,3,0,1,1,3,3.2,+4
P.J. Tucker,2018-02-13,32-284,HOU,AWAY,MIN,W (+18),1,28:18,3,4,.750,3,4,.750,1,2,.500,0,1,1,0,0,0,0,2,10,7.5,+14
P.J. Tucker,2018-02-14,32-285,HOU,HOME,SAC,W (+9),1,31:45,4,8,.500,2,6,.333,0,0,,2,5,7,1,2,1,0,1,10,11.9,+9
P.J. Tucker,2018-02-23,32-294,HOU,HOME,MIN,W (+18),1,28:22,4,7,.571,3,5,.600,0,0,,2,3,5,1,0,0,1,2,11,8.9,+5
P.J. Tucker,2018-02-25,32-296,HOU,AWAY,DEN,W (+5),1,24:00,3,8,.375,3,5,.600,0,0,,2,3,5,2,1,0,1,2,9,7.5,-4
P.J. Tucker,2018-02-26,32-297,HOU,AWAY,UTA,W (+11),1,25:13,0,7,.000,0,4,.000,2,2,1.000,0,3,3,0,2,0,1,3,2,-2.2,+4
P.J. Tucker,2018-02-28,32-299,HOU,AWAY,LAC,W (+13),1,24:21,1,5,.200,0,3,.000,1,2,.500,1,5,6,2,1,1,1,4,3,2.2,+5
P.J. Tucker,2018-03-03,32-302,HOU,HOME,BOS,W (+3),1,29:30,3,6,.500,3,6,.500,0,0,,0,4,4,1,1,1,2,3,9,6.4,+9
P.J. Tucker,2018-03-06,32-305,HOU,AWAY,OKC,W (+10),1,26:23,4,8,.500,2,5,.400,0,2,.000,4,2,6,3,0,0,2,0,10,8.7,+2
P.J. Tucker,2018-03-07,32-306,HOU,AWAY,MIL,W (+11),1,33:57,3,3,1.000,3,3,1.000,0,0,,1,5,6,1,0,0,1,2,9,9.2,+21
P.J. Tucker,2018-03-09,32-308,HOU,AWAY,TOR,L (-3),1,36:53,1,3,.333,0,2,.000,1,2,.500,0,6,6,2,2,0,0,2,3,5.3,+5
P.J. Tucker,2018-03-11,32-310,HOU,AWAY,DAL,W (+23),1,20:01,3,5,.600,2,3,.667,2,2,1.000,1,3,4,1,1,0,1,2,10,9.2,+17
P.J. Tucker,2018-03-12,32-311,HOU,HOME,SAS,W (+16),1,20:35,2,4,.500,1,3,.333,0,0,,0,7,7,0,3,0,0,2,5,7.3,+23
P.J. Tucker,2018-03-15,32-314,HOU,HOME,LAC,W (+5),1,29:27,1,7,.143,1,5,.200,0,0,,4,4,8,2,1,0,1,2,3,3.1,-11
P.J. Tucker,2018-03-17,32-316,HOU,AWAY,NOP,W (+6),1,31:12,3,8,.375,3,8,.375,0,0,,0,2,2,1,3,1,1,5,9,6.6,+14
P.J. Tucker,2018-03-18,32-317,HOU,AWAY,MIN,W (+9),1,23:38,4,9,.444,3,5,.600,1,4,.250,2,2,4,0,0,2,3,6,12,4.1,-2
P.J. Tucker,2018-03-20,32-319,HOU,AWAY,POR,W (+4),1,29:15,1,2,.500,1,2,.500,0,0,,1,2,3,0,0,2,0,1,3,4.3,+8
P.J. Tucker,2018-03-22,32-321,HOU,HOME,DET,W (+4),1,36:34,4,11,.364,2,7,.286,0,0,,4,4,8,1,0,0,2,0,10,6.6,-6
P.J. Tucker,2018-03-24,32-323,HOU,HOME,NOP,W (+23),1,20:16,1,5,.200,1,3,.333,0,0,,1,3,4,1,1,0,1,4,3,0.6,+15
P.J. Tucker,2018-03-25,32-324,HOU,HOME,ATL,W (+19),1,30:17,4,9,.444,4,9,.444,0,0,,0,1,1,0,0,0,1,1,12,6.2,+14
P.J. Tucker,2018-03-27,32-326,HOU,HOME,CHI,W (+32),1,26:38,4,9,.444,1,5,.200,0,0,,1,7,8,2,2,2,1,0,9,10.9,+25
P.J. Tucker,2018-03-30,32-329,HOU,HOME,PHO,W (+1),1,33:45,6,9,.667,5,7,.714,1,2,.500,0,2,2,0,2,0,0,3,18,15.1,+2
P.J. Tucker,2018-04-01,32-331,HOU,AWAY,SAS,L (-17),1,27:51,1,7,.143,1,6,.167,0,0,,1,2,3,1,0,0,0,0,3,0.5,-10
P.J. Tucker,2018-04-03,32-333,HOU,HOME,WAS,W (+16),1,29:25,2,5,.400,1,3,.333,0,0,,2,3,5,4,1,0,1,2,5,6.6,+20
P.J. Tucker,2018-04-05,32-335,HOU,HOME,POR,W (+2),1,31:30,1,5,.200,1,4,.250,0,0,,1,4,5,0,0,2,1,2,3,1.4,+5
P.J. Tucker,2018-04-07,32-337,HOU,HOME,OKC,L (-6),1,27:42,6,8,.750,4,6,.667,0,0,,1,9,10,3,0,0,2,5,16,14.3,+3
P.J. Tucker,2018-04-10,32-340,HOU,AWAY,LAL,W (+6),1,22:29,2,6,.333,2,6,.333,0,0,,0,8,8,0,0,1,1,2,6,3.9,-9
P.J. Tucker,2018-04-11,32-341,HOU,AWAY,SAC,L (-13),1,29:09,1,7,.143,1,7,.143,0,0,,3,7,10,1,0,0,2,1,3,1.0,-8
Troy Williams,2018-03-31,23-091,NYK,HOME,DET,L (-6),1,32:48,3,8,.375,2,3,.667,3,3,1.000,2,2,4,2,1,0,2,2,11,8.2,+6
Brandan Wright,2017-12-26,30-082,MEM,AWAY,PHO,L (-2),1,18:54,3,5,.600,0,0,,1,1,1.000,0,5,5,1,1,2,0,3,7,8.1,-10
